,0,region
0,/homedetails/520-W-28th-St-New-York-NY-10001/2086472572_zpid/,Chelsea and Clinton
1,/homedetails/536-W-29th-St-New-York-NY-10001/2086334517_zpid/,Chelsea and Clinton
2,/homedetails/11-W-30th-St-14FL-New-York-NY-10001/2086521150_zpid/,Chelsea and Clinton
3,/homedetails/522-W-29th-St-9A-New-York-NY-10001/2096425505_zpid/,Chelsea and Clinton
4,/homedetails/35-Hudson-Yards-8601-New-York-NY-10001/2085060290_zpid/,Chelsea and Clinton
5,/homedetails/263-9th-Ave-APT-6C-New-York-NY-10001/69510348_zpid/,Chelsea and Clinton
6,/homedetails/1200-Broadway-PH-E-New-York-NY-10001/2087023103_zpid/,Chelsea and Clinton
7,/homedetails/522-W-29th-St-10B-New-York-NY-10001/2106456199_zpid/,Chelsea and Clinton
8,/homedetails/110-W-26th-St-New-York-NY-10001/2106473188_zpid/,Chelsea and Clinton
9,/homedetails/430-W-34th-St-APT-4J-New-York-NY-10001/102755126_zpid/,Chelsea and Clinton
10,/homedetails/284-5th-Ave-3E-New-York-NY-10001/123762025_zpid/,Chelsea and Clinton
11,/homedetails/550-W-29th-St-PHC-New-York-NY-10001/2086457634_zpid/,Chelsea and Clinton
12,/homedetails/520-W-28th-St-PH37-New-York-NY-10001/2098508808_zpid/,Chelsea and Clinton
13,/homedetails/252-W-30th-St-APT-10A-New-York-NY-10001/31503372_zpid/,Chelsea and Clinton
14,/homedetails/430-W-34th-St-APT-6J-New-York-NY-10001/111716818_zpid/,Chelsea and Clinton
15,/homedetails/500-W-25th-St-4-New-York-NY-10001/2085022339_zpid/,Chelsea and Clinton
16,/homedetails/502-W-27th-St-New-York-NY-10001/31502012_zpid/,Chelsea and Clinton
17,/homedetails/315-W-29th-St-New-York-NY-10001/2112495726_zpid/,Chelsea and Clinton
18,/homedetails/35-Hudson-Yards-8302-New-York-NY-10001/2085060292_zpid/,Chelsea and Clinton
19,/homedetails/448-W-25th-St-New-York-NY-10001/31502269_zpid/,Chelsea and Clinton
20,/homedetails/35-Hudson-Yards-7801-New-York-NY-10001/2085060297_zpid/,Chelsea and Clinton
21,/homedetails/522-W-29th-St-7A-New-York-NY-10001/2097556733_zpid/,Chelsea and Clinton
22,/homedetails/263-9th-Ave-PHC-New-York-NY-10001/2098811119_zpid/,Chelsea and Clinton
23,/homedetails/151-W-28th-St-APT-7W-New-York-NY-10001/72515926_zpid/,Chelsea and Clinton
24,/homedetails/35-Hudson-Yards-7803-New-York-NY-10001/2085060303_zpid/,Chelsea and Clinton
25,/homedetails/36-W-35th-St-APT-3F-New-York-NY-10001/244897562_zpid/,Chelsea and Clinton
26,/homedetails/430-W-34th-St-APT-7J-New-York-NY-10001/244890046_zpid/,Chelsea and Clinton
27,/homedetails/142-W-26th-St-APT-12B-New-York-NY-10001/95019560_zpid/,Chelsea and Clinton
28,/homedetails/141-W-26th-St-5-New-York-NY-10001/244739306_zpid/,Chelsea and Clinton
29,/homedetails/522-W-29th-St-5D-New-York-NY-10001/2105595159_zpid/,Chelsea and Clinton
30,/homedetails/252-W-30th-St-APT-15-New-York-NY-10001/31503379_zpid/,Chelsea and Clinton
31,/homedetails/35-Hudson-Yards-6704-New-York-NY-10001/2085060296_zpid/,Chelsea and Clinton
32,/homedetails/35-Hudson-Yards-5805-New-York-NY-10001/2085022312_zpid/,Chelsea and Clinton
33,/homedetails/522-W-29th-St-5C-New-York-NY-10001/2106481355_zpid/,Chelsea and Clinton
34,/homedetails/261-W-28th-St-HOME-2A-New-York-NY-10001/2086245216_zpid/,Chelsea and Clinton
35,/homedetails/280-W-25th-St-1-New-York-NY-10001/2102632629_zpid/,Chelsea and Clinton
36,/homedetails/1200-Broadway-7-8D-New-York-NY-10001/2102578575_zpid/,Chelsea and Clinton
37,/homedetails/261-W-28th-St-PENTHOUSE-B-New-York-NY-10001/97526831_zpid/,Chelsea and Clinton
38,/homedetails/35-Hudson-Yards-6101-New-York-NY-10001/2085060291_zpid/,Chelsea and Clinton
39,/homedetails/35-Hudson-Yards-5403-New-York-NY-10001/2085060294_zpid/,Chelsea and Clinton
40,/homedetails/245-7th-Ave-APT-8B-New-York-NY-10001/31503829_zpid/,Chelsea and Clinton
41,/homedetails/540-W-28th-St-10A-New-York-NY-10001/2131995524_zpid/,Chelsea and Clinton
42,/homedetails/236-W-26th-St-APT-2W-New-York-NY-10001/2138443114_zpid/,Chelsea and Clinton
43,/homedetails/107-W-25th-St-APT-5E-New-York-NY-10001/72515902_zpid/,Chelsea and Clinton
44,/homedetails/540-W-28th-St-APT-6E-New-York-NY-10001/112089013_zpid/,Chelsea and Clinton
45,/homedetails/254-W-25th-St-APT-3D-New-York-NY-10001/72515598_zpid/,Chelsea and Clinton
46,/homedetails/430-W-34th-St-7DE-New-York-NY-10001/2085538562_zpid/,Chelsea and Clinton
47,/homedetails/35-Hudson-Yards-6403-New-York-NY-10001/2085060302_zpid/,Chelsea and Clinton
48,/homedetails/35-Hudson-Yards-5704-New-York-NY-10001/2085060305_zpid/,Chelsea and Clinton
49,/homedetails/252-7th-Ave-APT-10J-New-York-NY-10001/55501537_zpid/,Chelsea and Clinton
50,/homedetails/430-W-34th-St-APT-LH-New-York-NY-10001/119909953_zpid/,Chelsea and Clinton
51,/homedetails/35-Hudson-Yards-6701-New-York-NY-10001/2085060298_zpid/,Chelsea and Clinton
52,/homedetails/35-Hudson-Yards-8603-New-York-NY-10001/2085060293_zpid/,Chelsea and Clinton
53,/homedetails/263-9th-Ave-PENTHOUSE-C-New-York-NY-10001/69510365_zpid/,Chelsea and Clinton
54,/homedetails/520-W-28th-St-20-New-York-NY-10001/2100706914_zpid/,Chelsea and Clinton
55,/homedetails/550-W-29th-St-3B-New-York-NY-10001/2086457635_zpid/,Chelsea and Clinton
56,/homedetails/252-W-30th-St-APT-3B-New-York-NY-10001/31503359_zpid/,Chelsea and Clinton
57,/homedetails/50-W-30th-St-PH2-New-York-NY-10001/2086797128_zpid/,Chelsea and Clinton
58,/homedetails/1200-Broadway-APT-8G-New-York-NY-10001/244750799_zpid/,Chelsea and Clinton
59,/homedetails/245-7th-Ave-PHBC-New-York-NY-10001/2098208345_zpid/,Chelsea and Clinton
60,/homedetails/130-W-30th-St-APT-16B-New-York-NY-10001/65316577_zpid/,Chelsea and Clinton
61,/homedetails/50-W-29th-St-APT-11W-New-York-NY-10001/244726262_zpid/,Chelsea and Clinton
62,/homedetails/36-W-35th-St-PHA-New-York-NY-10001/2085327158_zpid/,Chelsea and Clinton
63,/homedetails/520-W-28th-St-29-New-York-NY-10001/2085442308_zpid/,Chelsea and Clinton
64,/homedetails/520-W-28th-St-27-New-York-NY-10001/2087902863_zpid/,Chelsea and Clinton
65,/homedetails/35-Hudson-Yards-7102-New-York-NY-10001/2085060304_zpid/,Chelsea and Clinton
66,/homedetails/550-W-29th-St-5C-New-York-NY-10001/2085736616_zpid/,Chelsea and Clinton
67,/homedetails/11-W-30th-St-APT-14-New-York-NY-10001/219652522_zpid/,Chelsea and Clinton
68,/homedetails/1200-Broadway-PHE-New-York-NY-10001/2087033192_zpid/,Chelsea and Clinton
69,/homedetails/254-W-25th-St-APT-4D-New-York-NY-10001/72515599_zpid/,Chelsea and Clinton
70,/homedetails/130-W-30th-St-APT-8C-New-York-NY-10001/63865877_zpid/,Chelsea and Clinton
71,/homedetails/110-W-25th-St-APT-6-New-York-NY-10001/61966574_zpid/,Chelsea and Clinton
72,/homedetails/522-W-29th-St-FL-2B-New-York-NY-10001/2090752578_zpid/,Chelsea and Clinton
73,/homedetails/420-W-25th-St-APT-3A-New-York-NY-10001/83933235_zpid/,Chelsea and Clinton
74,/homedetails/550-W-29th-St-2A-New-York-NY-10001/2088942073_zpid/,Chelsea and Clinton
75,/homedetails/520-W-28th-St-12-New-York-NY-10001/2085830196_zpid/,Chelsea and Clinton
76,/homedetails/522-W-29th-St-6B-New-York-NY-10001/2085513640_zpid/,Chelsea and Clinton
77,/homedetails/245-10th-Ave-4w-New-York-NY-10001/89331919_zpid/,Chelsea and Clinton
78,/homedetails/252-7th-Ave-APT-16G-New-York-NY-10001/55501650_zpid/,Chelsea and Clinton
79,/homedetails/50-W-30th-St-PH1-New-York-NY-10001/2086142994_zpid/,Chelsea and Clinton
80,/homedetails/550-W-29th-St-7B-New-York-NY-10001/2086457637_zpid/,Chelsea and Clinton
81,/homedetails/252-7th-Ave-8H-9H-New-York-NY-10001/2086476449_zpid/,Chelsea and Clinton
82,/homedetails/35-Hudson-Yards-5402-New-York-NY-10001/2085060300_zpid/,Chelsea and Clinton
83,/homedetails/252-7th-Ave-APT-3I-New-York-NY-10001/55501354_zpid/,Chelsea and Clinton
84,/homedetails/291-7th-Ave-APT-3-New-York-NY-10001/55501739_zpid/,Chelsea and Clinton
85,/homedetails/261-W-28th-St-PHB-New-York-NY-10001/2105385358_zpid/,Chelsea and Clinton
86,/homedetails/50-W-29th-St-APT-7W-New-York-NY-10001/244779069_zpid/,Chelsea and Clinton
87,/homedetails/252-7th-Ave-APT-6I-New-York-NY-10001/55501432_zpid/,Chelsea and Clinton
88,/homedetails/50-W-30th-St-APT-20B-New-York-NY-10001/2086332510_zpid/,Chelsea and Clinton
89,/homedetails/252-W-30th-St-APT-6B-New-York-NY-10001/31503365_zpid/,Chelsea and Clinton
90,/homedetails/252-7th-Ave-APT-12T-New-York-NY-10001/55501597_zpid/,Chelsea and Clinton
91,/homedetails/252-7th-Ave-PHJ-New-York-NY-10001/2087250218_zpid/,Chelsea and Clinton
92,/homedetails/231-W-26th-St-APT-2-New-York-NY-10001/63865753_zpid/,Chelsea and Clinton
93,/homedetails/231-W-26th-St-New-York-NY-10001/2088722372_zpid/,Chelsea and Clinton
94,/homedetails/261-W-25th-St-2E-New-York-NY-10001/219650824_zpid/,Chelsea and Clinton
95,/homedetails/107-W-25th-St-APT-3E-New-York-NY-10001/72515899_zpid/,Chelsea and Clinton
96,/homedetails/231-W-26th-St-New-York-NY-10001/2087983461_zpid/,Chelsea and Clinton
97,/homedetails/50-W-30th-St-APT-15B-New-York-NY-10001/2086353016_zpid/,Chelsea and Clinton
98,/homedetails/231-W-26th-St-APT-4-New-York-NY-10001/31503347_zpid/,Chelsea and Clinton
99,/homedetails/420-W-25th-St-APT-1A-New-York-NY-10001/89335782_zpid/,Chelsea and Clinton
100,/homedetails/107-W-25th-St-APT-2D-New-York-NY-10001/72515896_zpid/,Chelsea and Clinton
101,/homedetails/50-W-30th-St-APT-5A-New-York-NY-10001/2085266543_zpid/,Chelsea and Clinton
102,/homedetails/151-W-28th-St-RM-8W-New-York-NY-10001/2085117079_zpid/,Chelsea and Clinton
103,/homedetails/50-W-30th-St-APT-9A-New-York-NY-10001/2085591753_zpid/,Chelsea and Clinton
104,/homedetails/150-W-26th-St-APT-201-New-York-NY-10001/60147930_zpid/,Chelsea and Clinton
105,/homedetails/236-W-26th-St-6SE-New-York-NY-10001/2085402263_zpid/,Chelsea and Clinton
106,/homedetails/233-W-26th-St-APT-5E-New-York-NY-10001/89728748_zpid/,Chelsea and Clinton
107,/homedetails/252-7th-Ave-APT-7T-New-York-NY-10001/55501467_zpid/,Chelsea and Clinton
108,/homedetails/50-W-30th-St-APT-16A-New-York-NY-10001/2086328762_zpid/,Chelsea and Clinton
109,/homedetails/50-W-30th-St-APT-3E-New-York-NY-10001/2086971623_zpid/,Chelsea and Clinton
110,/homedetails/130-W-30th-St-APT-2A-New-York-NY-10001/63164317_zpid/,Chelsea and Clinton
111,/homedetails/252-7th-Ave-APT-17E-New-York-NY-10001/55501662_zpid/,Chelsea and Clinton
112,/homedetails/263-9th-Ave-APT-4B-New-York-NY-10001/69510338_zpid/,Chelsea and Clinton
113,/homedetails/315-7th-Ave-APT-2D-New-York-NY-10001/31503884_zpid/,Chelsea and Clinton
114,/homedetails/252-7th-Ave-APT-4L-New-York-NY-10001/55501383_zpid/,Chelsea and Clinton
115,/homedetails/315-7th-Ave-APT-7E-New-York-NY-10001/31503906_zpid/,Chelsea and Clinton
116,/homedetails/220-Riverview-23C-NY-10001/2087029943_zpid/,Chelsea and Clinton
117,/homedetails/500-W-25th-St-New-York-NY-10001/2087132597_zpid/,Chelsea and Clinton
118,/homedetail/AuthRequired.htm?r=pfc&zpid=248832844,Chelsea and Clinton
219,/homedetails/357-W-17th-St-New-York-NY-10011/143095430_zpid/,Chelsea and Clinton
220,/homedetails/11-13-W-10th-St-TH-Manhattan-NY-10011/2086865460_zpid/,Chelsea and Clinton
221,/homedetails/483-W-22nd-St-New-York-NY-10011/31502158_zpid/,Chelsea and Clinton
222,/homedetails/459-W-18th-St-PH2-New-York-NY-10011/2085060309_zpid/,Chelsea and Clinton
223,/homedetails/150-W-12th-St-4SOUTH-New-York-NY-10011/2085015099_zpid/,Chelsea and Clinton
224,/homedetails/231-W-16th-St-APT-5E-New-York-NY-10011/72515422_zpid/,Chelsea and Clinton
225,/homedetails/177-9th-Ave-PH-C-New-York-NY-10011/2086429088_zpid/,Chelsea and Clinton
226,/homedetails/210-W-21st-St-APT-4FW-New-York-NY-10011/2092523205_zpid/,Chelsea and Clinton
227,/homedetails/142-5th-Ave-New-York-NY-10011/83938185_zpid/,Chelsea and Clinton
228,/homedetails/101-W-12th-St-APT-12Y-New-York-NY-10011/244833315_zpid/,Chelsea and Clinton
229,/homedetails/43-W-12th-St-New-York-NY-10011/31498894_zpid/,Chelsea and Clinton
230,/homedetails/458-W-23rd-St-GARDEN-New-York-NY-10011/2085022306_zpid/,Chelsea and Clinton
231,/homedetails/42-W-12th-St-New-York-NY-10011/143089057_zpid/,Chelsea and Clinton
232,/homedetails/160-W-12th-St-44-New-York-NY-10011/219646155_zpid/,Chelsea and Clinton
233,/homedetails/212-W-18th-St-PENTHOUSE-1-New-York-NY-10011/122271872_zpid/,Chelsea and Clinton
234,/homedetails/224-W-22nd-St-New-York-NY-10011/31503277_zpid/,Chelsea and Clinton
235,/homedetails/74-5th-Ave-APT-3B-New-York-NY-10011/244824436_zpid/,Chelsea and Clinton
236,/homedetails/148-W-23rd-St-APT-3G-New-York-NY-10011/72515835_zpid/,Chelsea and Clinton
237,/homedetails/141-W-13th-St-APT-302-New-York-NY-10011/244742287_zpid/,Chelsea and Clinton
238,/homedetails/356-W-23rd-St-APT-4A-New-York-NY-10011/72515299_zpid/,Chelsea and Clinton
239,/homedetails/19-W-12th-St-New-York-NY-10011/31498886_zpid/,Chelsea and Clinton
240,/homedetails/449-W-24th-St-New-York-NY-10011/2139484163_zpid/,Chelsea and Clinton
241,/homedetails/73-Washington-Pl-New-York-NY-10011/2100540185_zpid/,Chelsea and Clinton
242,/homedetails/447-W-18th-St-New-York-NY-10011/97538641_zpid/,Chelsea and Clinton
243,/homedetails/305-W-16th-St-B-New-York-NY-10011/2104617586_zpid/,Chelsea and Clinton
244,/homedetails/150-W-11th-St-New-York-NY-10011/31499842_zpid/,Chelsea and Clinton
245,/homedetails/335-W-21st-St-APT-RE-New-York-NY-10011/244817315_zpid/,Chelsea and Clinton
246,/homedetails/77-7th-Ave-20NP-New-York-NY-10011/124438772_zpid/,Chelsea and Clinton
247,/homedetails/520-W-23rd-St-APT-12B-New-York-NY-10011/119982534_zpid/,Chelsea and Clinton
248,/homedetails/450-W-17th-St-APT-1122-New-York-NY-10011/97512828_zpid/,Chelsea and Clinton
249,/homedetails/16-W-16th-St-APT-6FN-New-York-NY-10011/72516065_zpid/,Chelsea and Clinton
250,/homedetails/161-W-15th-St-APT-6C-New-York-NY-10011/124864668_zpid/,Chelsea and Clinton
251,/homedetails/450-W-17th-St-APT-2002-New-York-NY-10011/97508865_zpid/,Chelsea and Clinton
252,/homedetails/214-W-16th-St-APT-3W-New-York-NY-10011/72515390_zpid/,Chelsea and Clinton
253,/homedetails/177-9th-Ave-PH-D-New-York-NY-10011/2102393665_zpid/,Chelsea and Clinton
254,/homedetails/133-W-11th-St-New-York-NY-10011/219646043_zpid/,Chelsea and Clinton
255,/homedetails/519-W-23rd-St-R1-New-York-NY-10011/83935862_zpid/,Chelsea and Clinton
256,/homedetails/450-W-17th-St-APT-2009-New-York-NY-10011/97515600_zpid/,Chelsea and Clinton
257,/homedetails/462-W-23rd-St-New-York-NY-10011/31502197_zpid/,Chelsea and Clinton
258,/homedetails/170-W-23rd-St-APT-2S-New-York-NY-10011/31503679_zpid/,Chelsea and Clinton
259,/homedetails/365-W-20th-St-APT-11E-New-York-NY-10011/72515212_zpid/,Chelsea and Clinton
260,/homedetails/447-W-18th-St-GD2-New-York-NY-10011/2089368178_zpid/,Chelsea and Clinton
261,/homedetails/60-W-9th-St-New-York-NY-10011/143088932_zpid/,Chelsea and Clinton
262,/homedetails/520-W-23rd-St-APT-7C-New-York-NY-10011/72514867_zpid/,Chelsea and Clinton
263,/homedetails/100-W-15th-St-APT-3A-New-York-NY-10011/244865406_zpid/,Chelsea and Clinton
264,/homedetails/211-W-14th-St-New-York-NY-10011/2096453566_zpid/,Chelsea and Clinton
265,/homedetails/37-W-11th-St-New-York-NY-10011/31498866_zpid/,Chelsea and Clinton
266,/homedetails/245-Seventh-Avenue-Phbc-New-York-NY-10011/2098208600_zpid/,Chelsea and Clinton
267,/homedetails/50-W-9th-St-APT-2A-New-York-NY-10011/82582114_zpid/,Chelsea and Clinton
268,/homedetails/338-W-19th-St-APT-1A-New-York-NY-10011/219649209_zpid/,Chelsea and Clinton
269,/homedetails/468-W-23rd-St-APT-5F-New-York-NY-10011/2097920346_zpid/,Chelsea and Clinton
270,/homedetails/451-W-22nd-St-APT-3F-New-York-NY-10011/244698626_zpid/,Chelsea and Clinton
271,/homedetails/404-W-20th-St-SINGLE-FAM-New-York-NY-10011/2089419737_zpid/,Chelsea and Clinton
272,/homedetails/129-W-20th-Street-Phba-Manhattan-NY-10011/2085774241_zpid/,Chelsea and Clinton
273,/homedetails/166-W-18th-St-APT-5C-New-York-NY-10011/2118875034_zpid/,Chelsea and Clinton
274,/homedetails/468-W-23rd-St-APT-4F-New-York-NY-10011/2129484395_zpid/,Chelsea and Clinton
275,/homedetails/231-W-16th-St-APT-1WF-New-York-NY-10011/2085586568_zpid/,Chelsea and Clinton
276,/homedetails/50-W-9th-St-APT-1B-New-York-NY-10011/72513326_zpid/,Chelsea and Clinton
277,/homedetails/101-W-12th-St-APT-21H-New-York-NY-10011/79495129_zpid/,Chelsea and Clinton
278,/homedetails/114-Waverly-Pl-New-York-NY-10011/31498214_zpid/,Chelsea and Clinton
279,/homedetails/127-W-12th-St-New-York-NY-10011/2101165707_zpid/,Chelsea and Clinton
280,/homedetails/520-W-23rd-St-APT-10A-New-York-NY-10011/72514874_zpid/,Chelsea and Clinton
281,/homedetails/420-W-25th-St-A-Chelsea-NY-10011/2085402752_zpid/,Chelsea and Clinton
282,/homedetails/140-W-12th-St-PENTHOUSE-6B-New-York-NY-10011/219646237_zpid/,Chelsea and Clinton
283,/homedetails/221-W-20th-St-APT-3W-New-York-NY-10011/72515472_zpid/,Chelsea and Clinton
284,/homedetails/503-W-24th-St-7THFL-New-York-NY-10011/2087110902_zpid/,Chelsea and Clinton
285,/homedetails/160-W-12th-St-APT-44-New-York-NY-10011/2094929969_zpid/,Chelsea and Clinton
286,/homedetails/118-Waverly-Pl-APT-4A-New-York-NY-10011/72512708_zpid/,Chelsea and Clinton
287,/homedetails/69-W-9th-St-APT-12G-New-York-NY-10011/244849309_zpid/,Chelsea and Clinton
288,/homedetails/37-W-12th-St-APT-9J-New-York-NY-10011/244715588_zpid/,Chelsea and Clinton
289,/homedetails/16-W-16th-St-3JKS-New-York-NY-10011/2087269989_zpid/,Chelsea and Clinton
290,/homedetails/2-5th-Ave-APT-15O-New-York-NY-10011/2102740361_zpid/,Chelsea and Clinton
291,/homedetails/208-W-15th-St-New-York-NY-10011/2086485530_zpid/,Chelsea and Clinton
292,/homedetails/320-W-17th-St-APT-4FW-New-York-NY-10011/244895901_zpid/,Chelsea and Clinton
293,/homedetails/459-W-18th-St-UNIT1-New-York-NY-10011/2090407287_zpid/,Chelsea and Clinton
294,/homedetails/24-5th-Ave-1623-1624-New-York-NY-10011/2087219463_zpid/,Chelsea and Clinton
295,/homedetails/151-W-17th-St-PHB-New-York-NY-10011/2091218214_zpid/,Chelsea and Clinton
296,/homedetails/353-W-20th-St-New-York-NY-10011/2110205495_zpid/,Chelsea and Clinton
297,/homedetails/520-W-23rd-St-APT-7A-New-York-NY-10011/102754707_zpid/,Chelsea and Clinton
298,/homedetails/111-W-11th-St-APT-3FE-New-York-NY-10011/79495079_zpid/,Chelsea and Clinton
299,/homedetails/76-11th-Ave-PH32A-New-York-NY-10011/2087673395_zpid/,Chelsea and Clinton
300,/homedetails/405-W-23rd-St-APT-9J-New-York-NY-10011/244803720_zpid/,Chelsea and Clinton
301,/homedetails/222-W-14th-St-APT-5F-New-York-NY-10011/145594144_zpid/,Chelsea and Clinton
302,/homedetails/451-W-22nd-St-DUPLEX-New-York-NY-10011/2085412148_zpid/,Chelsea and Clinton
303,/homedetails/30-5th-Ave-APT-3G-New-York-NY-10011/244717212_zpid/,Chelsea and Clinton
304,/homedetails/443-W-24th-St-APT-H-New-York-NY-10011/82829890_zpid/,Chelsea and Clinton
305,/homedetails/319-W-18th-St-APT-5F-New-York-NY-10011/72538170_zpid/,Chelsea and Clinton
306,/homedetails/101-W-24th-St-APT-31B-New-York-NY-10011/97507417_zpid/,Chelsea and Clinton
307,/homedetails/173-Macdougal-St-APT-3W-New-York-NY-10011/97512293_zpid/,Chelsea and Clinton
308,/homedetails/200-W-20th-St-APT-714-New-York-NY-10011/244799161_zpid/,Chelsea and Clinton
309,/homedetails/66-9th-Ave-RESIDENCE-New-York-NY-10011/2087000040_zpid/,Chelsea and Clinton
310,/homedetails/117-W-21st-St-4THFLR-New-York-NY-10011/2085478474_zpid/,Chelsea and Clinton
311,/homedetails/118-W-12th-St-New-York-NY-10011/31499877_zpid/,Chelsea and Clinton
312,/homedetails/426-W-22nd-St-New-York-NY-10011/31502145_zpid/,Chelsea and Clinton
313,/homedetails/10-W-15th-St-APT-920-New-York-NY-10011/94730418_zpid/,Chelsea and Clinton
314,/homedetails/453-W-19th-St-APT-1A-New-York-NY-10011/72672312_zpid/,Chelsea and Clinton
315,/homedetails/233-W-21st-St-APT-4C-New-York-NY-10011/244875049_zpid/,Chelsea and Clinton
316,/homedetails/122-Greenwich-Ave-APT-5-New-York-NY-10011/112519098_zpid/,Chelsea and Clinton
317,/homedetails/161-W-16th-St-APT-7L-New-York-NY-10011/244799058_zpid/,Chelsea and Clinton
318,/homedetails/124-W-23rd-St-APT-16A-New-York-NY-10011/121034454_zpid/,Chelsea and Clinton
319,/homedetails/212-W-18th-St-APT-18A-New-York-NY-10011/122275198_zpid/,Chelsea and Clinton
320,/homedetails/122-Greenwich-Ave-PHA-New-York-NY-10011/2090134189_zpid/,Chelsea and Clinton
321,/homedetails/225-W-17th-St-2B-New-York-NY-10011/2087316701_zpid/,Chelsea and Clinton
322,/homedetails/201-W-21st-St-APT-8J-New-York-NY-10011/72515542_zpid/,Chelsea and Clinton
323,/homedetails/2-5th-Ave-SUITE-4-O-New-York-NY-10011/219642856_zpid/,Chelsea and Clinton
324,/homedetails/55-W-17th-St-902-New-York-NY-10011/244754387_zpid/,Chelsea and Clinton
325,/homedetails/159-9th-Ave-New-York-NY-10011/31502027_zpid/,Chelsea and Clinton
326,/homedetails/98-8th-Ave-New-York-NY-10011/31502749_zpid/,Chelsea and Clinton
327,/homedetails/410-W-24th-St-APT-18C-New-York-NY-10011/244870331_zpid/,Chelsea and Clinton
328,/homedetails/148-W-23rd-St-APT-7A-New-York-NY-10011/72515843_zpid/,Chelsea and Clinton
329,/homedetails/342-W-21st-St-APT-2D-New-York-NY-10011/244719678_zpid/,Chelsea and Clinton
330,/homedetails/42-W-13th-St-APT-4-A-New-York-NY-10011/123949836_zpid/,Chelsea and Clinton
331,/homedetails/79-W-12th-St-APT-5F-New-York-NY-10011/72513478_zpid/,Chelsea and Clinton
332,/homedetails/150-W-12th-St-APT-M5-New-York-NY-10011/2099003197_zpid/,Chelsea and Clinton
333,/homedetails/137-W-12th-St-APT-3-2-New-York-NY-10011/2104128463_zpid/,Chelsea and Clinton
334,/homedetails/320-W-17th-St-APT-5FW-New-York-NY-10011/244881475_zpid/,Chelsea and Clinton
335,/homedetails/211-W-14th-St-TH-New-York-NY-10011/2099074472_zpid/,Chelsea and Clinton
336,/homedetails/177-9th-Ave-PHF-New-York-NY-10011/2090900187_zpid/,Chelsea and Clinton
337,/homedetails/27-W-15th-St-New-York-NY-10011/2085784948_zpid/,Chelsea and Clinton
338,/homedetails/402-W-20th-St-New-York-NY-10011/2123463950_zpid/,Chelsea and Clinton
339,/homedetails/551-W-21st-St-11-New-York-NY-10011/2085123535_zpid/,Chelsea and Clinton
340,/homedetails/112-W-18th-St-APT-5B-New-York-NY-10011/2087736030_zpid/,Chelsea and Clinton
341,/homedetails/149-W-12th-St-6-6-New-York-NY-10011/219646482_zpid/,Chelsea and Clinton
342,/homedetails/447-W-18th-St-GD1-New-York-NY-10011/2091189309_zpid/,Chelsea and Clinton
343,/homedetails/161-W-16th-St-APT-10A-New-York-NY-10011/244743217_zpid/,Chelsea and Clinton
344,/homedetails/225-W-17th-St-PH4-New-York-NY-10011/2085877601_zpid/,Chelsea and Clinton
345,/homedetails/560-W-24th-St-1-New-York-NY-10011/2095745464_zpid/,Chelsea and Clinton
346,/homedetails/207-W-21st-St-APT-2-New-York-NY-10011/72509298_zpid/,Chelsea and Clinton
347,/homedetails/444-W-19th-St-APT-605-New-York-NY-10011/80012236_zpid/,Chelsea and Clinton
348,/homedetails/65-W-13th-St-6AB-New-York-NY-10011/2087018901_zpid/,Chelsea and Clinton
349,/homedetails/2-5th-Ave-APT-2S-New-York-NY-10011/123979826_zpid/,Chelsea and Clinton
350,/homedetails/49-W-12th-St-APT-1A-New-York-NY-10011/244794360_zpid/,Chelsea and Clinton
351,/homedetails/77-7th-Ave-APT-17M-New-York-NY-10011/244747576_zpid/,Chelsea and Clinton
352,/homedetails/42-W-13th-St-APT-1B-New-York-NY-10011/72513489_zpid/,Chelsea and Clinton
353,/homedetails/514-W-24th-St-APT-8-New-York-NY-10011/2097065296_zpid/,Chelsea and Clinton
354,/homedetails/15-W-17th-St-APT-4-New-York-NY-10011/89334632_zpid/,Chelsea and Clinton
355,/homedetails/520-W-23rd-St-APT-11A-New-York-NY-10011/72514878_zpid/,Chelsea and Clinton
356,/homedetails/213-W-23rd-St-NORTH-6N-New-York-NY-10011/2085393731_zpid/,Chelsea and Clinton
357,/homedetails/300-W-23rd-St-APT-15K-New-York-NY-10011/244786852_zpid/,Chelsea and Clinton
358,/homedetails/40-5th-Ave-MAIS-1-2B-New-York-NY-10011/2086984232_zpid/,Chelsea and Clinton
359,/homedetails/145-W-11th-St-TH1-New-York-NY-10011/2087808191_zpid/,Chelsea and Clinton
360,/homedetails/45-W-10th-St-8EF-New-York-NY-10011/2086258897_zpid/,Chelsea and Clinton
361,/homedetails/155-W-20th-St-APT-2C-New-York-NY-10011/102754491_zpid/,Chelsea and Clinton
362,/homedetails/205-W-19th-St-FL-9TH-New-York-NY-10011/2086482881_zpid/,Chelsea and Clinton
363,/homedetails/170-W-23rd-St-APT-4V-New-York-NY-10011/31503730_zpid/,Chelsea and Clinton
364,/homedetails/503-W-24th-St-6THFL-New-York-NY-10011/2087110901_zpid/,Chelsea and Clinton
365,/homedetails/54-W-16th-St-APT-2G-New-York-NY-10011/244763618_zpid/,Chelsea and Clinton
366,/homedetails/315-W-23rd-St-APT-6F-New-York-NY-10011/96768611_zpid/,Chelsea and Clinton
367,/homedetails/155-W-11th-St-9A-New-York-NY-10011/219646115_zpid/,Chelsea and Clinton
368,/homedetails/122-Greenwich-Ave-PHE-New-York-NY-10011/2085336783_zpid/,Chelsea and Clinton
369,/homedetails/233-W-21st-St-APT-1E-New-York-NY-10011/79532386_zpid/,Chelsea and Clinton
370,/homedetails/358-W-23rd-St-APT-2C-New-York-NY-10011/31502568_zpid/,Chelsea and Clinton
371,/homedetails/520-W-23rd-St-APT-14A-New-York-NY-10011/72514884_zpid/,Chelsea and Clinton
372,/homedetails/224-W-18th-St-PHB-New-York-NY-10011/2098810815_zpid/,Chelsea and Clinton
373,/homedetails/106-7th-Ave-FL-8-New-York-NY-10011/2085250965_zpid/,Chelsea and Clinton
374,/homedetails/151-W-17th-St-PHD-New-York-NY-10011/2090045917_zpid/,Chelsea and Clinton
375,/homedetails/85-8th-Ave-APT-2L-New-York-NY-10011/2139216765_zpid/,Chelsea and Clinton
376,/homedetails/300-W-23rd-St-APT-14G-New-York-NY-10011/244800875_zpid/,Chelsea and Clinton
377,/homedetails/66-9th-Ave-APT-5E-New-York-NY-10011/65317048_zpid/,Chelsea and Clinton
378,/homedetails/559-W-23rd-St-COMM-New-York-NY-10011/2089213978_zpid/,Chelsea and Clinton
379,/homedetails/234-W-21st-St-APT-55-New-York-NY-10011/72515488_zpid/,Chelsea and Clinton
380,/homedetails/101-W-12th-St-APT-14Y-New-York-NY-10011/244829151_zpid/,Chelsea and Clinton
381,/homedetails/212-W-18th-St-17BC-New-York-NY-10011/2086944157_zpid/,Chelsea and Clinton
382,/homedetails/60-W-15th-St-6R-PH-New-York-NY-10011/2090266104_zpid/,Chelsea and Clinton
383,/homedetails/245-W-24th-St-APT-1-New-York-NY-10011/123975892_zpid/,Chelsea and Clinton
384,/homedetails/221-W-21st-St-APT-2D-New-York-NY-10011/79495939_zpid/,Chelsea and Clinton
385,/homedetails/224-W-18th-St-APT-5B-New-York-NY-10011/63865655_zpid/,Chelsea and Clinton
386,/homedetails/250-W-15th-St-APT-6F-New-York-NY-10011/123033232_zpid/,Chelsea and Clinton
387,/homedetails/503-W-24th-St-7-New-York-NY-10011/2087104377_zpid/,Chelsea and Clinton
388,/homedetails/426-W-23rd-St-APT-1R-New-York-NY-10011/244894123_zpid/,Chelsea and Clinton
389,/homedetails/117-W-21st-St-TH-New-York-NY-10011/2087126344_zpid/,Chelsea and Clinton
390,/homedetails/410-W-24th-St-18BCE-New-York-NY-10011/2106323476_zpid/,Chelsea and Clinton
391,/homedetails/456-W-19th-St-PH-I-New-York-NY-10011/2123723256_zpid/,Chelsea and Clinton
392,/homedetails/200-11th-Ave-APT-5S-New-York-NY-10011/89329291_zpid/,Chelsea and Clinton
393,/homedetails/430-W-23rd-St-PHE-New-York-NY-10011/2087176795_zpid/,Chelsea and Clinton
394,/homedetails/101-W-12th-St-APT-5E-New-York-NY-10011/72513946_zpid/,Chelsea and Clinton
395,/homedetails/250-W-15th-St-5B6C-New-York-NY-10011/2085985217_zpid/,Chelsea and Clinton
396,/homedetails/207-W-21st-St-APT-3-New-York-NY-10011/84079929_zpid/,Chelsea and Clinton
397,/homedetails/170-W-23rd-St-APT-4R-New-York-NY-10011/31503726_zpid/,Chelsea and Clinton
398,/homedetails/76-11th-Ave-11C-New-York-NY-10011/2085938031_zpid/,Chelsea and Clinton
399,/homedetails/470-W-24th-St-APT-18A-New-York-NY-10011/244852008_zpid/,Chelsea and Clinton
400,/homedetails/126-W-11th-St-APT-2-New-York-NY-10011/122198509_zpid/,Chelsea and Clinton
401,/homedetails/251-W-19th-St-APT-6C-New-York-NY-10011/2085050016_zpid/,Chelsea and Clinton
402,/homedetails/560-W-24th-St-PH2-New-York-NY-10011/2086465674_zpid/,Chelsea and Clinton
403,/homedetails/305-W-16th-St-APT-3H-New-York-NY-10011/2089027524_zpid/,Chelsea and Clinton
404,/homedetails/66-9th-Ave-PHW-New-York-NY-10011/2087518819_zpid/,Chelsea and Clinton
405,/homedetails/15-W-11th-St-APT-3C-New-York-NY-10011/244882703_zpid/,Chelsea and Clinton
406,/homedetails/255-W-23rd-St-APT-5HW-New-York-NY-10011/119911964_zpid/,Chelsea and Clinton
407,/homedetails/333-W-22nd-St-APT-5D-New-York-NY-10011/72515289_zpid/,Chelsea and Clinton
408,/homedetails/100-W-12th-St-APT-2H-New-York-NY-10011/119907671_zpid/,Chelsea and Clinton
409,/homedetails/551-W-21st-St-17A-New-York-NY-10011/219648428_zpid/,Chelsea and Clinton
410,/homedetails/15-W-20th-St-APT-6A-New-York-NY-10011/83938333_zpid/,Chelsea and Clinton
411,/homedetails/2-5th-Ave-APT-8Q-New-York-NY-10011/125721500_zpid/,Chelsea and Clinton
412,/homedetails/76-11th-Ave-X23A-New-York-NY-10011/2086514820_zpid/,Chelsea and Clinton
413,/homedetails/210-West-19th-St-1E-New-York-NY-10011/2103445875_zpid/,Chelsea and Clinton
414,/homedetails/40-5th-Ave-10D-New-York-NY-10011/244724884_zpid/,Chelsea and Clinton
415,/homedetails/245-W-14th-St-TOWER-2-New-York-NY-10011/2102751884_zpid/,Chelsea and Clinton
416,/homedetails/270-W-19th-St-APT-5B-New-York-NY-10011/69524203_zpid/,Chelsea and Clinton
417,/homedetails/234-W-20th-St-APT-1A-New-York-NY-10011/63865721_zpid/,Chelsea and Clinton
418,/homedetails/201-W-16th-St-APT-15A-New-York-NY-10011/94644324_zpid/,Chelsea and Clinton
419,/homedetails/410-W-24th-St-APT-15D-New-York-NY-10011/244784992_zpid/,Chelsea and Clinton
420,/homedetails/43-W-13th-St-APT-7R-New-York-NY-10011/79494961_zpid/,Chelsea and Clinton
421,/homedetails/207-W-21st-St-APT-4-New-York-NY-10011/244782521_zpid/,Chelsea and Clinton
422,/homedetails/211-W-18th-St-APT-1-New-York-NY-10011/65321511_zpid/,Chelsea and Clinton
423,/homedetails/175-W-13th-St-APT-9A-New-York-NY-10011/72514030_zpid/,Chelsea and Clinton
424,/homedetails/545-W-20th-St-APT-3B-New-York-NY-10011/2085535137_zpid/,Chelsea and Clinton
425,/homedetails/270-W-17th-St-PHB-New-York-NY-10011/2088152681_zpid/,Chelsea and Clinton
426,/homedetails/37-W-12th-St-APT-2C-New-York-NY-10011/244772128_zpid/,Chelsea and Clinton
427,/homedetails/40-W-17th-St-APT-9A-New-York-NY-10011/72516147_zpid/,Chelsea and Clinton
428,/homedetails/105-W-13th-St-11CD-New-York-NY-10011/2092653053_zpid/,Chelsea and Clinton
429,/homedetails/250-W-24th-St-APT-3GW-New-York-NY-10011/244850399_zpid/,Chelsea and Clinton
430,/homedetails/160-W-12th-St-APT-82-New-York-NY-10011/219646179_zpid/,Chelsea and Clinton
431,/homedetails/133-W-22nd-St-APT-11E-New-York-NY-10011/89333995_zpid/,Chelsea and Clinton
432,/homedetails/30-5th-Ave-APT-14F-New-York-NY-10011/79494807_zpid/,Chelsea and Clinton
433,/homedetails/305-W-16th-St-APT-2H-New-York-NY-10011/2122900329_zpid/,Chelsea and Clinton
434,/homedetails/101-W-24th-St-PENTHOUSE-2A-New-York-NY-10011/97528765_zpid/,Chelsea and Clinton
435,/homedetails/32-W-18th-St-APT-9A-New-York-NY-10011/80007982_zpid/,Chelsea and Clinton
436,/homedetails/177-9th-Ave-PHC-New-York-NY-10011/2087639685_zpid/,Chelsea and Clinton
437,/homedetails/452-W-19th-St-APT-1D-New-York-NY-10011/79978693_zpid/,Chelsea and Clinton
438,/homedetails/17-W-17th-St-FL-4TH-New-York-NY-10011/2087815375_zpid/,Chelsea and Clinton
439,/homedetails/100-11th-Ave-APT-16C-New-York-NY-10011/97502526_zpid/,Chelsea and Clinton
440,/homedetails/61-W-9th-St-APT-7C-New-York-NY-10011/72513418_zpid/,Chelsea and Clinton
441,/homedetails/255-W-23rd-St-APT-3AW-New-York-NY-10011/244716587_zpid/,Chelsea and Clinton
442,/homedetails/450-W-17th-St-PENTHOUSE-3-New-York-NY-10011/143094604_zpid/,Chelsea and Clinton
443,/homedetails/130-W-16th-St-21-22-New-York-NY-10011/2115884512_zpid/,Chelsea and Clinton
444,/homedetails/470-W-24th-St-APT-5D-New-York-NY-10011/244898384_zpid/,Chelsea and Clinton
445,/homedetails/101-W-24th-St-APT-31E-New-York-NY-10011/97510945_zpid/,Chelsea and Clinton
446,/homedetails/76-11th-Ave-X11D-New-York-NY-10011/2085905441_zpid/,Chelsea and Clinton
447,/homedetails/15-W-11th-St-APT-9B-New-York-NY-10011/123838578_zpid/,Chelsea and Clinton
448,/homedetails/151-W-21st-St-APT-1B-New-York-NY-10011/124438458_zpid/,Chelsea and Clinton
449,/homedetails/261-W-22nd-St-APT-22-New-York-NY-10011/89826947_zpid/,Chelsea and Clinton
450,/homedetails/121-W-19th-St-APT-3B-New-York-NY-10011/80005913_zpid/,Chelsea and Clinton
451,/homedetails/245-W-14th-St-5AB-New-York-NY-10011/2085570340_zpid/,Chelsea and Clinton
452,/homedetails/10-W-15th-St-APT-724-New-York-NY-10011/244757979_zpid/,Chelsea and Clinton
453,/homedetails/76-11th-Ave-X23B-New-York-NY-10011/2085767196_zpid/,Chelsea and Clinton
454,/homedetails/251-W-19th-St-APT-9C-New-York-NY-10011/2087115982_zpid/,Chelsea and Clinton
455,/homedetails/305-W-16th-St-PHD-New-York-NY-10011/2087167921_zpid/,Chelsea and Clinton
456,/homedetails/305-W-18th-St-APT-2K-New-York-NY-10011/2085253174_zpid/,Chelsea and Clinton
457,/homedetails/100-W-12th-St-APT-2S-New-York-NY-10011/244717770_zpid/,Chelsea and Clinton
458,/homedetails/551-W-21st-St-APT-17A-New-York-NY-10011/2094452624_zpid/,Chelsea and Clinton
459,/homedetails/77-7th-Ave-APT-5T-New-York-NY-10011/244778472_zpid/,Chelsea and Clinton
460,/homedetails/170-W-23rd-St-APT-4Z-New-York-NY-10011/31503734_zpid/,Chelsea and Clinton
461,/homedetails/124-W-24th-St-APT-2C-New-York-NY-10011/143098652_zpid/,Chelsea and Clinton
462,/homedetails/404-W-22nd-St-New-York-NY-10011/2103214581_zpid/,Chelsea and Clinton
463,/homedetails/220-W-16th-St-New-York-NY-10011/2107095019_zpid/,Chelsea and Clinton
464,/homedetails/410-W-24th-St-APT-18B-New-York-NY-10011/2121146862_zpid/,Chelsea and Clinton
465,/homedetails/251-W-19th-St-APT-4C-New-York-NY-10011/2086340584_zpid/,Chelsea and Clinton
466,/homedetails/342-W-21st-St-APT-5A-New-York-NY-10011/244811083_zpid/,Chelsea and Clinton
467,/homedetails/410-W-24th-St-APT-10L-New-York-NY-10011/244799574_zpid/,Chelsea and Clinton
468,/homedetails/35-W-15th-St-APT-9C-New-York-NY-10011/125951919_zpid/,Chelsea and Clinton
469,/homedetails/31-W-16th-St-1-New-York-NY-10011/82784656_zpid/,Chelsea and Clinton
470,/homedetails/503-W-24th-St-6-New-York-NY-10011/2087104379_zpid/,Chelsea and Clinton
471,/homedetails/37-W-12th-St-APT-7G-New-York-NY-10011/244729824_zpid/,Chelsea and Clinton
472,/homedetails/54-W-16th-St-APT-4J-New-York-NY-10011/82382027_zpid/,Chelsea and Clinton
473,/homedetails/211-W-14th-St-5A-New-York-NY-10011/2092536320_zpid/,Chelsea and Clinton
474,/homedetails/505-W-19th-St-APT-4A-New-York-NY-10011/219648373_zpid/,Chelsea and Clinton
475,/homedetails/177-9th-Ave-PHD-New-York-NY-10011/2095303877_zpid/,Chelsea and Clinton
476,/homedetails/246-W-17th-St-APT-3E-New-York-NY-10011/97505765_zpid/,Chelsea and Clinton
477,/homedetails/450-W-17th-St-APT-1222-New-York-NY-10011/97545507_zpid/,Chelsea and Clinton
478,/homedetails/447-W-18th-St-PENTHOUSE-11B-New-York-NY-10011/89332962_zpid/,Chelsea and Clinton
479,/homedetails/342-W-21st-St-APT-4A-New-York-NY-10011/244715119_zpid/,Chelsea and Clinton
480,/homedetails/211-W-14th-St-5B-New-York-NY-10011/2099073524_zpid/,Chelsea and Clinton
481,/homedetails/105-W-13th-St-APT-7E-New-York-NY-10011/79979419_zpid/,Chelsea and Clinton
482,/homedetails/405-W-23rd-St-APT-5F-New-York-NY-10011/244839864_zpid/,Chelsea and Clinton
483,/homedetails/15-W-12th-St-APT-10G-New-York-NY-10011/79494924_zpid/,Chelsea and Clinton
484,/homedetails/130-W-19th-St-APT-11C-New-York-NY-10011/80008467_zpid/,Chelsea and Clinton
485,/homedetails/130-W-12th-St-APT-3C-New-York-NY-10011/121197457_zpid/,Chelsea and Clinton
486,/homedetails/551-W-21st-St-APT-7C-New-York-NY-10011/2095409287_zpid/,Chelsea and Clinton
487,/homedetails/155-W-11th-St-9D-New-York-NY-10011/219646114_zpid/,Chelsea and Clinton
488,/homedetails/210-W-19th-St-APT-2B-New-York-NY-10011/2086481396_zpid/,Chelsea and Clinton
489,/homedetails/551-W-21st-St-APT-9B-New-York-NY-10011/2094936948_zpid/,Chelsea and Clinton
490,/homedetails/200-W-20th-St-APT-405-New-York-NY-10011/244854840_zpid/,Chelsea and Clinton
491,/homedetails/270-W-17th-St-APT-2I-New-York-NY-10011/31502883_zpid/,Chelsea and Clinton
492,/homedetails/22-W-15th-St-APT-19D-New-York-NY-10011/2085877598_zpid/,Chelsea and Clinton
493,/homedetails/360-W-21st-St-APT-3A-New-York-NY-10011/72515218_zpid/,Chelsea and Clinton
494,/homedetails/55-W-17th-St-APT-902-New-York-NY-10011/2091715889_zpid/,Chelsea and Clinton
495,/homedetails/130-W-20th-St-PENTHOUSE-11B-New-York-NY-10011/89332747_zpid/,Chelsea and Clinton
496,/homedetails/141-W-24th-St-APT-2-New-York-NY-10011/2116624741_zpid/,Chelsea and Clinton
497,/homedetails/76-11th-Ave-X14A-New-York-NY-10011/2086324495_zpid/,Chelsea and Clinton
498,/homedetails/200-W-20th-St-APT-409-New-York-NY-10011/244877675_zpid/,Chelsea and Clinton
499,/homedetails/101-W-24th-St-APT-31D-New-York-NY-10011/97502622_zpid/,Chelsea and Clinton
500,/homedetails/205-W-19th-St-APT-9-New-York-NY-10011/72515451_zpid/,Chelsea and Clinton
501,/homedetails/25-W-13th-St-APT-3MN-New-York-NY-10011/244748141_zpid/,Chelsea and Clinton
502,/homedetails/250-W-22nd-St-APT-5D-New-York-NY-10011/121326950_zpid/,Chelsea and Clinton
503,/homedetails/354-W-23rd-St-APT-3A-New-York-NY-10011/72515292_zpid/,Chelsea and Clinton
504,/homedetails/305-W-16th-St-APT-3G-New-York-NY-10011/2089736565_zpid/,Chelsea and Clinton
505,/homedetails/130-W-19th-St-APT-11B-New-York-NY-10011/80011780_zpid/,Chelsea and Clinton
506,/homedetails/40-5th-Ave-4B-New-York-NY-10011/119910262_zpid/,Chelsea and Clinton
507,/homedetails/35-W-15th-St-APT-22A-New-York-NY-10011/125996521_zpid/,Chelsea and Clinton
508,/homedetails/505-W-19th-St-APT-6W-New-York-NY-10011/219648384_zpid/,Chelsea and Clinton
509,/homedetails/222-W-14th-St-APT-2H-New-York-NY-10011/31500629_zpid/,Chelsea and Clinton
510,/homedetails/270-W-17th-St-APT-3F-New-York-NY-10011/31502869_zpid/,Chelsea and Clinton
511,/homedetails/10-W-15th-St-APT-1225-New-York-NY-10011/244885808_zpid/,Chelsea and Clinton
512,/homedetails/37-W-12th-St-APT-2A-New-York-NY-10011/244852996_zpid/,Chelsea and Clinton
513,/homedetails/6-W-20th-St-10N-New-York-NY-10011/2119055876_zpid/,Chelsea and Clinton
514,/homedetails/161-W-15th-St-APT-2B-New-York-NY-10011/244874441_zpid/,Chelsea and Clinton
515,/homedetails/76-11th-Ave-25B-New-York-NY-10011/2086411862_zpid/,Chelsea and Clinton
516,/homedetails/50-W-15th-St-APT-4C-New-York-NY-10011/97523284_zpid/,Chelsea and Clinton
517,/homedetails/505-W-19th-St-APT-7A-New-York-NY-10011/219648388_zpid/,Chelsea and Clinton
518,/homedetails/76-11th-Ave-21D-New-York-NY-10011/2086324494_zpid/,Chelsea and Clinton
519,/homedetails/117-W-21st-St-APT-4-New-York-NY-10011/2085478183_zpid/,Chelsea and Clinton
520,/homedetails/346-W-22nd-St-APT-2-New-York-NY-10011/31502544_zpid/,Chelsea and Clinton
521,/homedetails/405-W-23rd-St-APT-12J-New-York-NY-10011/244851205_zpid/,Chelsea and Clinton
522,/homedetails/130-W-17th-St-APT-4N-New-York-NY-10011/2123603950_zpid/,Chelsea and Clinton
523,/homedetails/251-W-19th-St-APT-7A-New-York-NY-10011/2085202316_zpid/,Chelsea and Clinton
524,/homedetails/444-W-19th-St-APT-502-New-York-NY-10011/69510306_zpid/,Chelsea and Clinton
525,/homedetails/145-W-13th-St-APT-302-New-York-NY-10011/89825774_zpid/,Chelsea and Clinton
526,/homedetails/76-11th-Ave-28D-New-York-NY-10011/2086734461_zpid/,Chelsea and Clinton
527,/homedetails/63-W-17th-St-APT-3A-New-York-NY-10011/63865893_zpid/,Chelsea and Clinton
528,/homedetails/436-W-23rd-St-APT-A-New-York-NY-10011/244858928_zpid/,Chelsea and Clinton
529,/homedetails/13-W-13th-St-APT-2DS-New-York-NY-10011/244712163_zpid/,Chelsea and Clinton
530,/homedetails/76-11th-Ave-7C-New-York-NY-10011/2086578004_zpid/,Chelsea and Clinton
531,/homedetails/200-W-20th-St-APT-816-New-York-NY-10011/244800615_zpid/,Chelsea and Clinton
532,/homedetails/155-W-18th-St-APT-401-New-York-NY-10011/2087839226_zpid/,Chelsea and Clinton
533,/homedetails/514-W-24th-St-APT-7E-New-York-NY-10011/2092759077_zpid/,Chelsea and Clinton
534,/homedetails/76-11th-Ave-X11G-New-York-NY-10011/2085905442_zpid/,Chelsea and Clinton
535,/homedetails/405-W-23rd-St-APT-6F-New-York-NY-10011/244719434_zpid/,Chelsea and Clinton
536,/homedetails/410-W-24th-St-APT-8H-New-York-NY-10011/244749595_zpid/,Chelsea and Clinton
537,/homedetails/151-W-17th-St-APT-2H-New-York-NY-10011/61966531_zpid/,Chelsea and Clinton
538,/homedetails/515-W-23rd-St-APT-4-New-York-NY-10011/2121192009_zpid/,Chelsea and Clinton
539,/homedetails/76-11th-Ave-15E-New-York-NY-10011/2085874689_zpid/,Chelsea and Clinton
540,/homedetails/346-W-22nd-St-PARLOR-New-York-NY-10011/2087808182_zpid/,Chelsea and Clinton
541,/homedetails/122-Greenwich-Ave-APT-3-New-York-NY-10011/97521533_zpid/,Chelsea and Clinton
542,/homedetails/100-W-12th-St-APT-6J-New-York-NY-10011/244750022_zpid/,Chelsea and Clinton
543,/homedetails/140-7th-Ave-APT-3R-New-York-NY-10011/31503217_zpid/,Chelsea and Clinton
544,/homedetails/514-W-24th-St-APT-3W-New-York-NY-10011/2100222860_zpid/,Chelsea and Clinton
545,/homedetails/159-W-24th-St-APT-1A-New-York-NY-10011/117451090_zpid/,Chelsea and Clinton
546,/homedetails/470-W-24th-St-APT-16H-New-York-NY-10011/244706538_zpid/,Chelsea and Clinton
547,/homedetails/125-W-22nd-St-APT-3C-New-York-NY-10011/83942451_zpid/,Chelsea and Clinton
548,/homedetails/270-W-17th-St-APT-18B-New-York-NY-10011/31502924_zpid/,Chelsea and Clinton
549,/homedetails/30-5th-Ave-APT-8J-New-York-NY-10011/244795355_zpid/,Chelsea and Clinton
550,/homedetails/124-W-23rd-St-APT-9A-New-York-NY-10011/120288438_zpid/,Chelsea and Clinton
551,/homedetails/555-W-23rd-St-APT-S14G-New-York-NY-10011/69510270_zpid/,Chelsea and Clinton
552,/homedetails/76-11th-Ave-6D-New-York-NY-10011/2086769216_zpid/,Chelsea and Clinton
553,/homedetails/551-W-21st-St-5B-New-York-NY-10011/219648405_zpid/,Chelsea and Clinton
554,/homedetails/130-W-16th-St-APT-62-New-York-NY-10011/244745260_zpid/,Chelsea and Clinton
555,/homedetails/270-W-17th-St-PHC-New-York-NY-10011/2088759302_zpid/,Chelsea and Clinton
556,/homedetails/12-W-17th-St-APT-6-New-York-NY-10011/219652217_zpid/,Chelsea and Clinton
557,/homedetails/76-11th-Ave-X22C-New-York-NY-10011/2085578393_zpid/,Chelsea and Clinton
558,/homedetails/514-W-24th-St-APT-7W-New-York-NY-10011/2087248936_zpid/,Chelsea and Clinton
559,/homedetails/43-W-13th-St-APT-7F-New-York-NY-10011/244786341_zpid/,Chelsea and Clinton
560,/homedetails/101-W-24th-St-APT-20B-New-York-NY-10011/97529385_zpid/,Chelsea and Clinton
561,/homedetails/140-5th-Ave-11FLR-New-York-NY-10011/2097830602_zpid/,Chelsea and Clinton
562,/homedetails/16-W-16th-St-APT-6VN-New-York-NY-10011/244708285_zpid/,Chelsea and Clinton
563,/homedetails/514-W-24th-St-APT-3E-New-York-NY-10011/2100532007_zpid/,Chelsea and Clinton
564,/homedetails/154-W-18th-St-APT-6A-New-York-NY-10011/244857424_zpid/,Chelsea and Clinton
565,/homedetails/251-W-19th-St-APT-2A-New-York-NY-10011/2085339441_zpid/,Chelsea and Clinton
566,/homedetails/360-W-21st-St-APT-4G-New-York-NY-10011/72515221_zpid/,Chelsea and Clinton
567,/homedetails/514-W-24th-St-APT-4E-New-York-NY-10011/2100222861_zpid/,Chelsea and Clinton
568,/homedetails/231-10th-Ave-APT-7B-New-York-NY-10011/2089623090_zpid/,Chelsea and Clinton
569,/homedetails/76-11th-Ave-X23E-New-York-NY-10011/2087826627_zpid/,Chelsea and Clinton
570,/homedetails/22-W-15th-St-APT-3G-New-York-NY-10011/2085192205_zpid/,Chelsea and Clinton
571,/homedetails/21-W-20th-St-FL-6-New-York-NY-10011/2093739793_zpid/,Chelsea and Clinton
572,/homedetails/133-W-22nd-St-APT-6B-New-York-NY-10011/89229100_zpid/,Chelsea and Clinton
573,/homedetails/555-W-23rd-St-APT-N7M-New-York-NY-10011/69510156_zpid/,Chelsea and Clinton
574,/homedetails/245-W-14th-St-APT-5A-New-York-NY-10011/2091168459_zpid/,Chelsea and Clinton
575,/homedetails/100-W-12th-St-APT-3G-New-York-NY-10011/79479171_zpid/,Chelsea and Clinton
576,/homedetails/222-W-14th-St-APT-8F-New-York-NY-10011/31500701_zpid/,Chelsea and Clinton
577,/homedetails/76-11th-Ave-8F-New-York-NY-10011/2085634516_zpid/,Chelsea and Clinton
578,/homedetails/444-W-19th-St-APT-301-New-York-NY-10011/69510296_zpid/,Chelsea and Clinton
579,/homedetails/101-W-24th-St-APT-3E-New-York-NY-10011/97512922_zpid/,Chelsea and Clinton
580,/homedetails/161-W-15th-St-APT-4I-New-York-NY-10011/72515712_zpid/,Chelsea and Clinton
581,/homedetails/10-W-15th-St-APT-1021-New-York-NY-10011/119916631_zpid/,Chelsea and Clinton
582,/homedetails/211-W-14th-St-3B-New-York-NY-10011/2092537302_zpid/,Chelsea and Clinton
583,/homedetails/121-W-19th-St-APT-5D-New-York-NY-10011/69524244_zpid/,Chelsea and Clinton
584,/homedetails/555-W-23rd-St-APT-S14F-New-York-NY-10011/69510269_zpid/,Chelsea and Clinton
585,/homedetails/305-W-16th-St-APT-2B-New-York-NY-10011/2090867498_zpid/,Chelsea and Clinton
586,/homedetails/551-W-21st-St-APT-4F-New-York-NY-10011/2095409286_zpid/,Chelsea and Clinton
587,/homedetails/231-10th-Ave-APT-4B-New-York-NY-10011/2105643041_zpid/,Chelsea and Clinton
588,/homedetails/551-W-21st-St-4A-New-York-NY-10011/219648400_zpid/,Chelsea and Clinton
589,/homedetails/151-W-17th-St-APT-6H-New-York-NY-10011/63865800_zpid/,Chelsea and Clinton
590,/homedetails/50-W-15th-St-APT-1C-New-York-NY-10011/97528059_zpid/,Chelsea and Clinton
591,/homedetails/55-W-17th-St-504-New-York-NY-10011/244802864_zpid/,Chelsea and Clinton
592,/homedetails/555-W-23rd-St-APT-S3R-New-York-NY-10011/80009357_zpid/,Chelsea and Clinton
593,/homedetails/140-7th-Ave-APT-1N-New-York-NY-10011/31503201_zpid/,Chelsea and Clinton
594,/homedetails/201-W-21st-St-APT-4B-New-York-NY-10011/111747954_zpid/,Chelsea and Clinton
595,/homedetails/13-W-13th-St-APT-6AS-New-York-NY-10011/244720545_zpid/,Chelsea and Clinton
596,/homedetails/175-W-12th-St-APT-12E-New-York-NY-10011/63865187_zpid/,Chelsea and Clinton
597,/homedetails/133-W-22nd-St-APT-5D-New-York-NY-10011/97524789_zpid/,Chelsea and Clinton
598,/homedetails/555-W-23rd-St-APT-N11C-New-York-NY-10011/80006209_zpid/,Chelsea and Clinton
599,/homedetails/305-W-16th-St-PHB-New-York-NY-10011/2104629585_zpid/,Chelsea and Clinton
600,/homedetails/555-W-23rd-St-APT-N6M-New-York-NY-10011/69510130_zpid/,Chelsea and Clinton
601,/homedetails/16-W-19th-St-APT-6E-New-York-NY-10011/2118271039_zpid/,Chelsea and Clinton
602,/homedetails/201-W-16th-St-APT-19D-New-York-NY-10011/119910243_zpid/,Chelsea and Clinton
603,/homedetails/101-W-24th-St-APT-6C-New-York-NY-10011/97503743_zpid/,Chelsea and Clinton
604,/homedetails/201-W-17th-St-APT-6C-New-York-NY-10011/60147911_zpid/,Chelsea and Clinton
605,/homedetails/555-W-23rd-St-APT-N8Q-New-York-NY-10011/80002857_zpid/,Chelsea and Clinton
606,/homedetails/13-W-13th-St-APT-4HS-New-York-NY-10011/72513578_zpid/,Chelsea and Clinton
607,/homedetails/555-W-23rd-St-APT-S11N-New-York-NY-10011/80005942_zpid/,Chelsea and Clinton
608,/homedetails/133-W-22nd-St-APT-5C-New-York-NY-10011/89229103_zpid/,Chelsea and Clinton
609,/homedetails/465-W-23rd-St-APT-5I-New-York-NY-10011/244797419_zpid/,Chelsea and Clinton
610,/homedetails/555-W-23rd-St-APT-S5F-New-York-NY-10011/69510110_zpid/,Chelsea and Clinton
611,/homedetails/140-W-22nd-St-APT-4D-New-York-NY-10011/97524602_zpid/,Chelsea and Clinton
612,/homedetails/100-W-18th-St-APT-5B-New-York-NY-10011/97517226_zpid/,Chelsea and Clinton
613,/homedetails/130-W-19th-St-APT-6B-New-York-NY-10011/80007323_zpid/,Chelsea and Clinton
614,/homedetails/2-5th-Ave-APT-2Q-New-York-NY-10011/124858099_zpid/,Chelsea and Clinton
615,/homedetails/650-6th-Ave-APT-4B-New-York-NY-10011/2110204503_zpid/,Chelsea and Clinton
616,/homedetails/222-W-14th-St-APT-10D-New-York-NY-10011/31500715_zpid/,Chelsea and Clinton
617,/homedetails/555-W-23rd-St-APT-S8G-New-York-NY-10011/69510190_zpid/,Chelsea and Clinton
618,/homedetails/125-W-22nd-St-APT-2C-New-York-NY-10011/83936691_zpid/,Chelsea and Clinton
619,/homedetails/55-W-17th-St-403-New-York-NY-10011/244892785_zpid/,Chelsea and Clinton
620,/homedetails/74-5th-Ave-APT-3C-New-York-NY-10011/72513590_zpid/,Chelsea and Clinton
621,/homedetails/133-W-22nd-St-APT-2J-New-York-NY-10011/97509532_zpid/,Chelsea and Clinton
622,/homedetails/79-W-12th-St-APT-5G-New-York-NY-10011/72513479_zpid/,Chelsea and Clinton
623,/homedetails/245-W-14th-St-4C-New-York-NY-10011/219650190_zpid/,Chelsea and Clinton
624,/homedetails/10-W-15th-St-APT-203-New-York-NY-10011/79496218_zpid/,Chelsea and Clinton
625,/homedetails/555-W-23rd-St-APT-N7K-New-York-NY-10011/69510154_zpid/,Chelsea and Clinton
626,/homedetails/175-W-13th-St-APT-17E-New-York-NY-10011/82783002_zpid/,Chelsea and Clinton
627,/homedetails/151-W-21st-St-APT-4C-New-York-NY-10011/124434605_zpid/,Chelsea and Clinton
628,/homedetails/245-W-14th-St-5B-New-York-NY-10011/219650193_zpid/,Chelsea and Clinton
629,/homedetails/50-W-20th-St-6A-New-York-NY-10011/2086257358_zpid/,Chelsea and Clinton
630,/homedetails/140-W-22nd-St-APT-6A-New-York-NY-10011/89332864_zpid/,Chelsea and Clinton
631,/homedetails/140-W-23rd-St-APT-4A-New-York-NY-10011/31503791_zpid/,Chelsea and Clinton
632,/homedetails/315-W-23rd-St-APT-8F-New-York-NY-10011/72515326_zpid/,Chelsea and Clinton
633,/homedetails/101-W-12th-St-APT-17C-New-York-NY-10011/244890479_zpid/,Chelsea and Clinton
634,/homedetails/16-W-19th-St-APT-6D-New-York-NY-10011/2108166230_zpid/,Chelsea and Clinton
635,/homedetails/405-W-23rd-St-APT-5H-New-York-NY-10011/244883046_zpid/,Chelsea and Clinton
636,/homedetails/16-W-16th-St-APT-2FS-New-York-NY-10011/79496267_zpid/,Chelsea and Clinton
637,/homedetails/175-W-13th-St-APT-15A-New-York-NY-10011/72514037_zpid/,Chelsea and Clinton
638,/homedetails/16-W-16th-St-APT-6HN-New-York-NY-10011/244776440_zpid/,Chelsea and Clinton
639,/homedetails/49-W-12th-St-APT-4H-New-York-NY-10011/98345101_zpid/,Chelsea and Clinton
640,/homedetails/16-W-19th-St-APT-7B-New-York-NY-10011/2091147688_zpid/,Chelsea and Clinton
641,/homedetails/79-W-12th-St-APT-14B-New-York-NY-10011/84074269_zpid/,Chelsea and Clinton
642,/homedetails/16-W-19th-St-APT-5B-New-York-NY-10011/2087929227_zpid/,Chelsea and Clinton
643,/homedetail/AuthRequired.htm?r=pfc&zpid=250650002,Chelsea and Clinton
645,/homedetail/AuthRequired.htm?r=pfc&zpid=294872782,Chelsea and Clinton
646,/homedetail/AuthRequired.htm?r=pfc&zpid=247904328,Chelsea and Clinton
747,/community/bryant/2086854212_zpid/,Chelsea and Clinton
748,/community/bryant/2086854214_zpid/,Chelsea and Clinton
749,/community/bryant/2086854215_zpid/,Chelsea and Clinton
750,/homedetails/32-W-40th-St-APT-4S-New-York-NY-10018/72537066_zpid/,Chelsea and Clinton
751,/community/bryant/2086738778_zpid/,Chelsea and Clinton
752,/homedetails/315-W-36th-St-APT-14B-New-York-NY-10018/2133768800_zpid/,Chelsea and Clinton
753,/homedetails/32-W-40th-St-APT-2D-New-York-NY-10018/244843244_zpid/,Chelsea and Clinton
754,/homedetails/241-W-36th-St-15-New-York-NY-10018/2113380932_zpid/,Chelsea and Clinton
755,/homedetails/348-W-36th-St-APT-2-N-New-York-NY-10018/72515350_zpid/,Chelsea and Clinton
756,/homedetails/360-W-36th-St-APT-6N-New-York-NY-10018/113412907_zpid/,Chelsea and Clinton
757,/community/bryant/2085299809_zpid/,Chelsea and Clinton
758,/homedetails/502-9th-Ave-PHE-New-York-NY-10018/2085022304_zpid/,Chelsea and Clinton
759,/homedetails/335-W-38th-St-APT-2-New-York-NY-10018/244710031_zpid/,Chelsea and Clinton
760,/homedetails/16-W-40th-St-PHB-New-York-NY-10018/2087765534_zpid/,Chelsea and Clinton
761,/homedetails/360-W-36th-St-APT-4NW-New-York-NY-10018/114204823_zpid/,Chelsea and Clinton
762,/homedetails/360-W-36th-St-APT-3S-New-York-NY-10018/244739730_zpid/,Chelsea and Clinton
763,/homedetails/400-5th-Ave-APT-34C-New-York-NY-10018/112519164_zpid/,Chelsea and Clinton
764,/homedetails/360-W-36th-St-APT-5NE-New-York-NY-10018/72515357_zpid/,Chelsea and Clinton
765,/homedetails/16-W-40th-St-APT-27B-New-York-NY-10018/2085283877_zpid/,Chelsea and Clinton
766,/homedetails/400-5th-Ave-APT-35A-New-York-NY-10018/112518564_zpid/,Chelsea and Clinton
767,/homedetails/16-W-40th-St-APT-21D-New-York-NY-10018/2087765533_zpid/,Chelsea and Clinton
768,/homedetails/16-W-40th-St-APT-22A-New-York-NY-10018/2086451835_zpid/,Chelsea and Clinton
769,/homedetails/400-5th-Ave-52AB-New-York-NY-10018/2102181454_zpid/,Chelsea and Clinton
770,/homedetails/16-W-40th-St-APT-30B-New-York-NY-10018/2089495705_zpid/,Chelsea and Clinton
771,/homedetails/400-5th-Ave-APT-48F-New-York-NY-10018/112518721_zpid/,Chelsea and Clinton
772,/homedetails/400-5th-Ave-APT-54F-New-York-NY-10018/112509753_zpid/,Chelsea and Clinton
773,/homedetails/400-5th-Ave-APT-48E-New-York-NY-10018/112513107_zpid/,Chelsea and Clinton
774,/homedetails/100-W-39th-St-APT-38A-New-York-NY-10018/69524279_zpid/,Chelsea and Clinton
775,/homedetails/100-W-39th-St-APT-38C-New-York-NY-10018/69510412_zpid/,Chelsea and Clinton
776,/homedetails/100-W-39th-St-APT-40J-New-York-NY-10018/69510424_zpid/,Chelsea and Clinton
777,/homedetails/100-W-39th-St-APT-36F-New-York-NY-10018/69524274_zpid/,Chelsea and Clinton
